Time,T_Light,T_Medium,T_Heavy,T_Outdoor
2023-03-10 00:30:00,-1.7672951816952542,8.637987830270669,12.207521714473554,-17.72
2023-03-10 01:30:00,-3.0593871862590087,7.593828265210372,11.829067693069662,-17.98
2023-03-10 02:30:00,-4.1491676841674705,6.525357066532465,11.496654673751674,-18.06
2023-03-10 03:30:00,-5.198052843845881,5.407453764464246,11.188273543525286,-18.24
2023-03-10 04:30:00,-6.2011365394591555,4.251502512502388,10.888720669055449,-18.47
2023-03-10 05:30:00,-7.150305879472596,3.0766113776425943,10.587055500699803,-18.73
2023-03-10 06:30:00,-8.00426266598804,1.9174183218666592,10.279136966272908,-18.95
2023-03-10 07:30:00,-8.850867065243623,0.7579370441933867,9.953918087088837,-19.27
2023-03-10 08:30:00,-0.4214990926775807,3.5580843074049686,10.48362211456892,-18.13
2023-03-10 09:30:00,9.463139311774274,8.535654226239318,11.738836876098283,-15.1
2023-03-10 10:30:00,18.844843716229725,14.388939177765204,13.529957320162348,-11.92
2023-03-10 11:30:00,25.828376966327827,19.7510928122691,15.53909322748665,-10.22
2023-03-10 12:30:00,28.56739352525749,23.250052997065424,17.341563422439112,-10.54
2023-03-10 13:30:00,30.43840258200322,25.740932196327172,18.923768402803567,-8.81
2023-03-10 14:30:00,28.366856752160626,26.183997879034347,19.943744199403366,-7.03
2023-03-10 15:30:00,23.213607184395038,24.58804667058886,20.249315126897542,-6.52
2023-03-10 16:30:00,17.748657067336108,22.07891845235405,19.98040686194428,-6.91
2023-03-10 17:30:00,13.504920585040045,19.710481156560927,19.378930101302917,-7.73
2023-03-10 18:30:00,10.68274908040563,17.98608079372435,18.65892739902616,-9.51
2023-03-10 19:30:00,7.6766474627407275,16.41772306135297,17.84924170606438,-13.24
2023-03-10 20:30:00,6.56418592456016,15.676593676054205,17.18587613133145,-13.34
2023-03-10 21:30:00,4.558710207872516,14.768621405203563,16.56077030224005,-14.92
2023-03-10 22:30:00,2.5982842689401875,13.725609899981327,15.993418187002217,-15.99
2023-03-10 23:30:00,0.9774143291677235,12.643766367220737,15.503481528722046,-16.45
2023-03-11 00:30:00,-0.3002975416189931,11.574552547285153,15.095219316363371,-16.49
2023-03-11 01:30:00,-1.518350694007438,10.444759370606427,14.741151629517482,-16.62
2023-03-11 02:30:00,-2.9491504933848973,9.135571585517617,14.394876834194518,-17.21
2023-03-11 03:30:00,-4.290248047528198,7.744654436379973,14.049814164643982,-17.71
2023-03-11 04:30:00,-5.409809208742149,6.373129314149483,13.709511847404546,-17.99
2023-03-11 05:30:00,-6.223500677667398,5.111777116433804,13.38421745253471,-17.96
2023-03-11 06:30:00,-6.5651896282698665,4.0826930441273355,13.098723979217953,-17.39
2023-03-11 07:30:00,-6.679218552262367,3.243398314588553,12.850322228422515,-16.71
2023-03-11 08:30:00,-4.309000180973544,3.5558174436346404,12.855956478500412,-15.0
2023-03-11 09:30:00,1.4717744763635123,5.7975760728331345,13.357971519349906,-12.49
2023-03-11 10:30:00,12.248551725633307,11.01187862156746,14.7002410865819,-10.29
2023-03-11 11:30:00,19.40697467276396,15.990661803931236,16.334576963276525,-8.36
2023-03-11 12:30:00,24.728368299136793,20.317998935106584,18.079573339335177,-8.31
2023-03-11 13:30:00,24.64912326455729,22.16125805172208,19.41369170414632,-6.8
2023-03-11 14:30:00,23.08783132656518,22.45758496490778,20.31401986484747,-6.4
2023-03-11 15:30:00,21.689436897136794,22.194252520496224,20.87213567582964,-6.61
2023-03-11 16:30:00,17.898247948471717,20.711842210223985,20.91598785071699,-7.15
2023-03-11 17:30:00,13.272684172692886,18.45727596336561,20.49869030158584,-8.33
2023-03-11 18:30:00,7.98717959328515,15.610078864716048,19.670178959763348,-10.09
2023-03-11 19:30:00,6.47471277819969,14.106555149909916,18.894285179455448,-11.2
2023-03-11 20:30:00,5.909912073782001,13.464882093541574,18.23439022524423,-11.29
2023-03-11 21:30:00,4.811050185369413,12.934516999389011,17.636739168881697,-12.1
2023-03-11 22:30:00,3.2638490470597907,12.221735242506703,17.07472438594972,-13.2
2023-03-11 23:30:00,1.5682466044340444,11.287148161222719,16.540919706218563,-14.25
2023-03-12 00:30:00,0.021165524745239833,10.224830350479635,16.043009855486126,-14.97
2023-03-12 01:30:00,-1.4380695210478103,9.054266831972761,15.57147501590471,-15.61
2023-03-12 02:30:00,-2.7329234010601358,7.837456086825902,15.12344009167238,-16.08
2023-03-12 03:30:00,-3.914459259038636,6.595105157644032,14.689809297831268,-16.5
2023-03-12 04:30:00,-4.96684318383327,5.359890087413366,14.265426067977252,-16.84
2023-03-12 05:30:00,-5.913291277629181,4.147796475310492,13.844463073416973,-17.14
2023-03-12 06:30:00,-6.701901242653563,2.9982369363145875,13.428425441950965,-17.31
2023-03-12 07:30:00,-7.358414974654176,1.9237305116520582,13.01672203678685,-17.4
2023-03-12 08:30:00,2.0012419674547908,5.158652175303482,13.547887088688237,-14.49
2023-03-12 09:30:00,11.98765083321955,10.360828614590982,14.791480170305299,-12.8
2023-03-12 10:30:00,19.739356324684326,15.641187298156336,16.40875009663453,-11.66
2023-03-12 11:30:00,23.93720871480353,19.616017958756924,18.022353248648947,-9.46
2023-03-12 12:30:00,23.058787633296046,21.000744983348834,19.178123841943602,-7.73
2023-03-12 13:30:00,17.978038247744,19.610327113184944,19.59633960782567,-7.1
2023-03-12 14:30:00,17.67420775957812,19.151149833294234,19.892703376155183,-6.86
2023-03-12 15:30:00,13.378196121917853,17.30784597337148,19.653060355925057,-6.8
2023-03-12 16:30:00,11.053881954823039,15.89127804807195,19.22973719386707,-7.21
2023-03-12 17:30:00,9.054251220794956,14.753568495059028,18.691825957936086,-8.13
2023-03-12 18:30:00,7.3490758546173325,13.858139804491982,18.115733734288177,-9.1
2023-03-12 19:30:00,6.300175976841089,13.306091512054342,17.595589155083157,-9.8
2023-03-12 20:30:00,5.721292905112548,13.025913927594296,17.178460695488116,-9.63
2023-03-12 21:30:00,4.74269786553543,12.611231985443178,16.813714052410003,-10.04
2023-03-12 22:30:00,3.829991973795299,12.101021603083485,16.505791253495392,-10.17
2023-03-12 23:30:00,3.271578884818568,11.621052085601846,16.272996342784005,-9.76
2023-03-13 00:30:00,2.8162359932694945,11.126347994641087,16.098915404712553,-9.34
2023-03-13 01:30:00,2.4410040136657347,10.612372504100573,15.969334202928987,-8.91
2023-03-13 02:30:00,2.2034152536446845,10.114861474972368,15.877948969821004,-8.38
2023-03-13 03:30:00,1.823495324316054,9.539273337415121,15.792638394964428,-8.2
2023-03-13 04:30:00,1.5041855421636106,8.946152019143318,15.710221738284531,-7.97
2023-03-13 05:30:00,1.1116655875898356,8.303397177060459,15.613543746578825,-7.94
2023-03-13 06:30:00,0.7986205727090191,7.670826542483467,15.505304636360847,-7.83
2023-03-13 07:30:00,0.4511722097317999,7.025173993131138,15.375856259761076,-7.85
2023-03-13 08:30:00,0.453027201851503,6.526858705346061,15.255855989072801,-7.37
2023-03-13 09:30:00,0.44675821515605146,6.087240358488625,15.132969836785254,-7.05
2023-03-13 10:30:00,0.607390575438573,5.757360253329737,15.01914397925963,-6.64
2023-03-13 11:30:00,0.7029961275702995,5.456158632316455,14.901053789578354,-6.19
2023-03-13 12:30:00,0.5923771825375688,5.094688094452553,14.757849865436597,-6.2
2023-03-13 13:30:00,0.6042969983607566,4.7747093008858315,14.605595964719726,-5.99
2023-03-13 14:30:00,0.35306540766967176,4.36524979693332,14.417200757996273,-6.24
2023-03-13 15:30:00,0.15476774405509003,3.9541324211841924,14.20528547435942,-6.35
2023-03-13 16:30:00,0.05977892705700213,3.58962621441674,13.981246585747035,-6.32
2023-03-13 17:30:00,-0.13155923757353452,3.2084797725364376,13.73517409632287,-6.48
2023-03-13 18:30:00,-0.33940110081563635,2.8232207723464646,13.469273569861318,-6.65
2023-03-13 19:30:00,-0.4694302313112152,2.4756520869162277,13.19351006928372,-6.7
2023-03-13 20:30:00,-0.2772019462689635,2.286295717758892,12.938310158707163,-6.28
2023-03-13 21:30:00,-0.26804202995088955,2.0889613702902663,12.678335745672381,-6.25
2023-03-13 22:30:00,-0.7450529934796959,1.6969138760282925,12.370680835282936,-6.94
2023-03-13 23:30:00,-1.617746919401524,1.0670370094209443,11.992072754073758,-8.1
2023-03-14 00:30:00,-2.4709061308104947,0.3456557360719081,11.56067004869165,-9.09
2023-03-14 01:30:00,-2.7841021777916035,-0.1946588932868933,11.13492586799941,-9.22
2023-03-14 02:30:00,-2.8606496334795333,-0.5701719169207599,10.728086705697192,-9.13
2023-03-14 03:30:00,-2.739091809961138,-0.7857556027147473,10.352169814188134,-8.82
2023-03-14 04:30:00,-2.3665635021260885,-0.8169839165635875,10.023570970168022,-8.2
2023-03-14 05:30:00,-2.131385752953327,-0.8186463209437481,9.719086974452068,-7.89
2023-03-14 06:30:00,-2.247980097777175,-0.9405277468001265,9.40446325864295,-8.11
2023-03-14 07:30:00,-2.497125665747903,-1.1563971435873295,9.074651150073407,-8.44
2023-03-14 08:30:00,-0.9714178666809223,-0.6527250266453283,8.903030875520184,-8.02
2023-03-14 09:30:00,2.1478104396069284,0.8108196546703429,8.992618687825038,-6.8
2023-03-14 10:30:00,8.570243064538698,4.10630778164507,9.594806844259816,-6.74
2023-03-14 11:30:00,18.680569526692913,9.765956298794901,10.934475892913332,-4.45
2023-03-14 12:30:00,26.663952844783644,15.576180744801842,12.641654424965576,-3.64
2023-03-14 13:30:00,31.132664227516173,20.13310288351533,14.345755242672753,-3.2
2023-03-14 14:30:00,28.569956049161032,21.294021665561043,15.41396060288252,-2.99
2023-03-14 15:30:00,26.593132272826995,21.407340454538055,16.08145595406806,-3.16
2023-03-14 16:30:00,20.73159874366367,19.373375161615193,16.02942097159676,-3.79
2023-03-14 17:30:00,15.479501871233767,16.79236394379748,15.492639132945262,-4.88
2023-03-14 18:30:00,10.808717509988957,14.20194537876568,14.623138902474517,-6.49
2023-03-14 19:30:00,9.562251311384115,13.057234612997934,13.829146903948931,-7.63
2023-03-14 20:30:00,8.941303021582597,12.71595613437829,13.154099793980667,-8.08
2023-03-14 21:30:00,7.804776571909442,12.474790220574242,12.557890494939674,-9.05
2023-03-14 22:30:00,6.328112813759574,12.077314155627862,12.026235448408574,-10.09
2023-03-14 23:30:00,5.182788314577255,11.656611678798907,11.593875940895416,-10.34
2023-03-15 00:30:00,3.968855015472503,11.080524020486893,11.231816292065993,-10.73
2023-03-15 01:30:00,2.7540105597055113,10.347977718637994,10.920802242706769,-11.13
2023-03-15 02:30:00,1.8350962190363673,9.598040654078439,10.668744592823698,-11.13
2023-03-15 03:30:00,1.1063553808109368,8.856326126198836,10.467041525762072,-11.0
2023-03-15 04:30:00,0.4174787635932392,8.091649878875497,10.295749600424275,-10.96
2023-03-15 05:30:00,-0.22797929412251175,7.308689900087264,10.141379808016595,-10.96
2023-03-15 06:30:00,-0.9068473543986014,6.484728819196772,9.986356879609106,-11.11
2023-03-15 07:30:00,0.6868769666198244,6.60286398821369,10.03669831902872,-11.58
2023-03-15 08:30:00,5.669877688979736,8.52969897792375,10.542088274364593,-11.3
2023-03-15 09:30:00,14.643101694279101,12.922123620982871,11.755443694713922,-10.01
2023-03-15 10:30:00,23.189709352279912,18.217885558127787,13.461454525302834,-8.01
2023-03-15 11:30:00,30.252505932777385,23.418607139035522,15.433356516213012,-5.25
2023-03-15 12:30:00,34.29700260530671,27.429173513850355,17.34385285276181,-3.81
2023-03-15 13:30:00,34.253123765465126,29.335810910314706,18.83588928171511,-2.94
2023-03-15 14:30:00,34.46665746595629,30.596973968411483,20.04226809649165,-2.54
2023-03-15 15:30:00,31.16574971435344,30.12298181109696,20.671584402943125,-2.57
2023-03-15 16:30:00,26.702783057816777,28.551920011305874,20.767050141549863,-3.16
2023-03-15 17:30:00,20.188906206542775,25.669134798659314,20.261779444109358,-4.68
2023-03-15 18:30:00,15.067058636426513,22.84127154660499,19.445501008799717,-6.44
2023-03-15 19:30:00,13.146553635600258,21.31382648895889,18.691650893501187,-8.04
2023-03-15 20:30:00,11.569827482310862,20.37545845337301,18.018316876043215,-9.32
2023-03-15 21:30:00,10.450131668209352,19.831195908163615,17.482506817432547,-9.53
2023-03-15 22:30:00,8.464555952521597,18.984186826448312,16.99175035158946,-10.92
2023-03-15 23:30:00,6.600880212345848,17.965159931916066,16.56499812539581,-11.75
2023-03-16 00:30:00,5.003720146457436,16.85857825518996,16.20780473787406,-12.16
2023-03-16 01:30:00,3.637048903385053,15.703356621652626,15.912715768687153,-12.34
2023-03-16 02:30:00,2.4162305454748596,14.506404665770742,15.663198523446841,-12.46
2023-03-16 03:30:00,1.2473691215272527,13.254280677468017,15.437133862580154,-12.66
2023-03-16 04:30:00,0.17174944668924885,11.977448537417082,15.221769822377262,-12.85
2023-03-16 05:30:00,-0.6913629387704291,10.751504621165742,15.018318944466131,-12.85
2023-03-16 06:30:00,-1.0773395520262088,9.731000882141405,14.85273358258442,-12.28
2023-03-16 07:30:00,0.9571513275163133,9.819483000082522,14.92929463373168,-11.51
2023-03-16 08:30:00,5.743244650241048,11.530029960548367,15.427466421639418,-10.82
2023-03-16 09:30:00,13.420176691909516,15.183352692870631,16.508832568153686,-8.33
2023-03-16 10:30:00,15.74959172980797,17.432295749971736,17.52563358251102,-6.95
2023-03-16 11:30:00,15.558943939615435,18.2124846848868,18.307233607012172,-7.23
2023-03-16 12:30:00,10.337416350979776,16.264265345454064,18.431083316340093,-5.62
2023-03-16 13:30:00,8.45481892740335,14.656874311294347,18.371432437282525,-5.32
2023-03-16 14:30:00,8.391673104796752,13.877196736782752,18.283323576676963,-5.28
2023-03-16 15:30:00,6.819021278495096,12.842323500220411,18.01688999687901,-5.48
2023-03-16 16:30:00,5.955700952884226,12.090653352806818,17.709282312225294,-5.78
2023-03-16 17:30:00,5.360104508539484,11.55371245489016,17.402011561346374,-6.22
2023-03-16 18:30:00,4.731846383504605,11.075008542276766,17.101691732828435,-6.65
2023-03-16 19:30:00,4.219786708236543,10.643860151839606,16.826595025600817,-6.76
2023-03-16 20:30:00,3.983340902085421,10.311092013177403,16.599697444651007,-6.41
2023-03-16 21:30:00,3.632000303383572,9.931241031557374,16.39688623441186,-6.31
2023-03-16 22:30:00,3.259605633107709,9.497840722316083,16.2095235895715,-6.24
2023-03-16 23:30:00,2.8871560853051363,9.017774734015264,16.0298544725605,-6.2
2023-03-17 00:30:00,2.541986802860984,8.510854062589344,15.853096351295733,-6.16
2023-03-17 01:30:00,2.1850684800624927,7.974231484852729,15.671178782942935,-6.19
2023-03-17 02:30:00,2.008762085262677,7.4948870920656985,15.496432384938652,-5.98
2023-03-17 03:30:00,1.795759642583264,7.017871862592008,15.316588716463778,-5.92
2023-03-17 04:30:00,1.668557285838919,6.582052321226341,15.136504642502418,-5.76
2023-03-17 05:30:00,1.664253739818607,6.2184887962400515,14.962834972195413,-5.47
2023-03-17 06:30:00,1.7061742091713825,5.9100901196805795,14.794001213100323,-5.18
2023-03-17 07:30:00,1.7926006394220964,5.652913179919034,14.630176478537303,-4.87
2023-03-17 08:30:00,2.5026990904005944,5.693163259215494,14.52704061071806,-3.79
2023-03-17 09:30:00,3.6662880774214237,6.055229585716083,14.508136521461296,-3.31
2023-03-17 10:30:00,3.431507257875732,5.973335472848394,14.420684010933261,-2.7
2023-03-17 11:30:00,4.135740178781642,6.149702579424662,14.382752913350215,-2.28
2023-03-17 12:30:00,5.8178815301514035,6.8339052651810785,14.46586122791625,-1.63
2023-03-17 13:30:00,6.8820629226627625,7.476670370990088,14.578860481203028,-1.05
2023-03-17 14:30:00,7.749556791940236,8.062026171708728,14.706938984458104,-0.76
2023-03-17 15:30:00,8.980112814690637,8.795410004088524,14.884336732909683,-0.61
2023-03-17 16:30:00,7.251644022547858,8.335788930825522,14.816727732690387,-0.68
2023-03-17 17:30:00,6.404993774186927,7.810556246314026,14.665135101762965,-1.02
2023-03-17 18:30:00,5.355538823779767,7.124779578498302,14.411732811732717,-1.65
2023-03-17 19:30:00,4.898878821558847,6.631228310713262,14.13386490630414,-2.18
2023-03-17 20:30:00,4.85555253996065,6.386264533110883,13.871648074109752,-2.13
2023-03-17 21:30:00,4.907950576988174,6.287067390021706,13.631301123259437,-1.98
2023-03-17 22:30:00,5.012088078567488,6.2748943304062665,13.417097942683688,-1.74
2023-03-17 23:30:00,4.843182398599,6.181244107322667,13.200865619976637,-1.92
2023-03-18 00:30:00,4.567659630900544,6.007542510569624,12.977588282540594,-2.18
2023-03-18 01:30:00,4.427454335372447,5.848425595083317,12.762627892855743,-2.19
2023-03-18 02:30:00,4.227555209624151,5.6572706619620705,12.546362756561487,-2.33
2023-03-18 03:30:00,4.410187259824533,5.611627192429146,12.36496010973485,-1.87
2023-03-18 04:30:00,4.374642385764408,5.5246314316466,12.186040063082153,-1.87
2023-03-18 05:30:00,4.307397989292424,5.41465250879128,12.008315829604525,-1.88
2023-03-18 06:30:00,3.986613615926085,5.18638967136739,11.807431157709626,-2.28
2023-03-18 07:30:00,4.974813999465079,5.469638903916643,11.713949576026197,-2.78
2023-03-18 08:30:00,8.791445441394218,7.154717114727956,11.960956946183222,-2.58
2023-03-18 09:30:00,16.644100727086432,11.141992981144082,12.838662730378669,-1.48
2023-03-18 10:30:00,25.213306832866184,16.427450986709566,14.259302030458977,-1.44
2023-03-18 11:30:00,29.622239033167972,20.60693800824372,15.727314549710544,-1.26
2023-03-18 12:30:00,34.87999600440822,24.85081147722929,17.35922866075736,-0.84
2023-03-18 13:30:00,35.37104691978766,27.108104463425096,18.648932714615146,0.83
2023-03-18 14:30:00,34.34338524535644,28.04092835839451,19.557030587906006,2.94
2023-03-18 15:30:00,34.46311521645644,28.960933214661104,20.27107108826915,3.1
2023-03-18 16:30:00,29.66742905590343,27.815824062479436,20.35374915363849,2.49
2023-03-18 17:30:00,22.243753639395123,24.827187873615742,19.74963928805391,-0.69
2023-03-18 18:30:00,17.56540626916371,22.222310884770998,18.89784159085291,-2.02
2023-03-18 19:30:00,16.40521171343355,21.145796545760778,18.171023603981638,-2.68
2023-03-18 20:30:00,16.341558582061502,21.08665797547108,17.643241243529932,-2.01
2023-03-18 21:30:00,15.69632836456496,21.170181607266645,17.245251355392085,-2.15
2023-03-18 22:30:00,14.732332683400843,21.12514838755178,16.954307188241213,-2.37
2023-03-18 23:30:00,13.706010957498915,20.898650294033754,16.758165053709043,-2.46
2023-03-19 00:30:00,12.687922102971406,20.487425675507744,16.6387774512336,-2.49
2023-03-19 01:30:00,11.775519454266243,19.943748593334583,16.58273961996164,-2.4
2023-03-19 02:30:00,11.037166394798996,19.336239371708114,16.580877231920706,-2.15
2023-03-19 03:30:00,10.123613847498483,18.563923538715127,16.59053293883651,-2.32
2023-03-19 04:30:00,9.437111590847707,17.77901197408172,16.618969580428452,-2.19
2023-03-19 05:30:00,8.624681057189374,16.89737052214149,16.634298261344,-2.41
2023-03-19 06:30:00,8.138281802869448,16.096269803584743,16.65834073813236,-2.18
2023-03-19 07:30:00,7.648344232141624,15.3081199342796,16.673467892584178,-2.24
2023-03-19 08:30:00,7.580812596191612,14.703687034685558,16.710951516605114,-2.19
2023-03-19 09:30:00,8.155893792146868,14.446108896090415,16.81364721905381,-1.39
2023-03-19 10:30:00,8.913502521845965,14.415662949017511,16.97208703750654,-0.44
2023-03-19 11:30:00,10.896654688264192,15.02612438612204,17.28441287403864,0.59
2023-03-19 12:30:00,15.772345363353558,17.152011644673777,17.978508403029714,1.48
2023-03-19 13:30:00,14.170263978763273,17.162034193324132,18.336265965358002,2.39
2023-03-19 14:30:00,14.595492900494621,17.322204410809743,18.68415363868565,3.12
2023-03-19 15:30:00,14.477782009198414,17.23328696437152,18.937969278629065,3.57
2023-03-19 16:30:00,13.015662601516413,16.503538902495503,18.987939763672053,3.02
2023-03-19 17:30:00,11.440496973455666,15.495874798458901,18.875279040474396,1.83
2023-03-19 18:30:00,9.765712178641516,14.322979495464798,18.622057788870027,0.68
2023-03-19 19:30:00,8.99042845323965,13.458089526724562,18.342379884566565,0.0
2023-03-19 20:30:00,8.482141783226757,12.812141500025504,18.058965548009606,-0.38
2023-03-19 21:30:00,8.062964450152293,12.293028909290822,17.78149186009693,-0.62
2023-03-19 22:30:00,7.760362127051967,11.870918641584277,17.521286760182218,-0.66
2023-03-19 23:30:00,7.35973528201293,11.436576307413944,17.264953529829267,-0.87
2023-03-20 00:30:00,6.996312146837689,11.004876207629488,17.015248332466072,-1.0
2023-03-20 01:30:00,6.776636229023894,10.623914262167672,16.781776143105926,-0.93
2023-03-20 02:30:00,6.378251504415045,10.178034295089823,16.54011052680399,-1.2
2023-03-20 03:30:00,5.943947386064936,9.688933769045406,16.287521226369105,-1.5
2023-03-20 04:30:00,5.6744466442739325,9.247015942784117,16.038926376454285,-1.55
2023-03-20 05:30:00,5.421397593386406,8.826140460811338,15.790200163675514,-1.64
2023-03-20 06:30:00,5.057631617697896,8.368619659155046,15.528116125320379,-1.93
2023-03-20 07:30:00,6.737409956114504,8.772711972089185,15.447951321798161,-2.5
2023-03-20 08:30:00,12.178324514794543,11.121810386144695,15.84853809906818,-1.92
2023-03-20 09:30:00,18.060775555167567,14.474760411664237,16.64358300455685,-1.1
2023-03-20 10:30:00,25.2518829162725,18.908149378425588,17.88508144713169,0.54
2023-03-20 11:30:00,27.11780684264981,21.5916190586478,18.97175802277521,1.29
2023-03-20 12:30:00,29.86326669865363,24.088872521268243,20.07060178384795,1.63
2023-03-20 13:30:00,29.42790882041744,25.146056305414543,20.85485114399514,1.91
2023-03-20 14:30:00,32.631695386518665,27.267332377497365,21.756924418858052,1.77
2023-03-20 15:30:00,29.06375414063725,26.929627880567512,22.07295078670454,1.78
2023-03-20 16:30:00,25.270691044210373,25.666482350707398,21.978667655616352,1.16
2023-03-20 17:30:00,20.121608971484246,23.394090438254178,21.432514742424505,0.04
2023-03-20 18:30:00,15.950234049030461,21.108886822412884,20.640316445188844,-1.65
2023-03-20 19:30:00,14.433537182917416,19.886094829543673,19.908810535056023,-2.92
2023-03-20 20:30:00,13.123753682583459,19.116379349928767,19.24236891792803,-4.08
2023-03-20 21:30:00,13.339252474691142,19.15607309291697,18.797460669064968,-2.58
2023-03-20 22:30:00,12.206773834777511,18.871804308392495,18.40561503876868,-3.39
2023-03-20 23:30:00,10.965188198232465,18.364750231675423,18.07030344414888,-3.93
2023-03-21 00:30:00,9.605268412529686,17.619536488394434,17.768964344249124,-4.58
2023-03-21 01:30:00,8.736391265820053,16.899871236481584,17.5345311497141,-4.46
2023-03-21 02:30:00,8.198350962957768,16.254908826178713,17.368726238579487,-4.03
2023-03-21 03:30:00,7.404257914111799,15.483923961677524,17.218984794546195,-4.19
2023-03-21 04:30:00,6.380789257673191,14.538951377706567,17.05222834924736,-4.73
2023-03-21 05:30:00,5.774947136636144,13.676909898081597,16.902432077951566,-4.63
2023-03-21 06:30:00,5.244189894230767,12.854399520065078,16.757691394208187,-4.6
2023-03-21 07:30:00,5.043889544986783,12.183435761874387,16.63784664567148,-4.19
2023-03-21 08:30:00,5.80870340919442,11.98416460211612,16.617784173769756,-3.29
2023-03-21 09:30:00,7.121039535647774,12.214727263372257,16.713825549066918,-2.69
2023-03-21 10:30:00,8.650676294243702,12.7412931589163,16.915336073300455,-1.52
2023-03-21 11:30:00,7.519872757982427,12.28647899079823,16.94540111323195,-0.86
2023-03-21 12:30:00,7.9102585974991255,12.132295195522063,17.005560695085393,-0.57
2023-03-21 13:30:00,8.357790666423549,12.087781338735658,17.071338220819136,-0.11
2023-03-21 14:30:00,7.615513648175842,11.608686332202637,17.02591715565098,0.08
2023-03-21 15:30:00,7.0229594266137445,11.04892298300004,16.91707296983576,-0.27
2023-03-21 16:30:00,6.673495180678658,10.551226223292879,16.776344162050876,-0.58
2023-03-21 17:30:00,6.217632092245212,10.032811382766786,16.596270342130016,-1.08
2023-03-21 18:30:00,5.758403442256316,9.510331100459828,16.38530477376847,-1.52
2023-03-21 19:30:00,5.344301114462257,9.003484902257856,16.15310304663631,-1.86
2023-03-21 20:30:00,4.781146457620261,8.435457292939061,15.887716572488088,-2.43
2023-03-21 21:30:00,4.536593566361314,7.977094602730319,15.625345662432554,-2.46
2023-03-21 22:30:00,4.319288751830104,7.567527884562493,15.3621850777881,-2.54
2023-03-21 23:30:00,4.151304553841003,7.203024663866972,15.100991154083705,-2.57
2023-03-22 00:30:00,4.002653958299074,6.869119855330404,14.841237320297019,-2.6
2023-03-22 01:30:00,3.854792018511572,6.552882490044815,14.58131509368683,-2.65
2023-03-22 02:30:00,3.547980859994161,6.180890574152794,14.305160980641462,-2.96
2023-03-22 03:30:00,3.1464368708528454,5.751262351238502,14.007620365575113,-3.38
2023-03-22 04:30:00,2.6950771576384063,5.27785895709382,13.687773020282425,-3.85
2023-03-22 05:30:00,2.2137111788497377,4.7731907115285335,13.346045768357767,-4.35
2023-03-22 06:30:00,1.6023928084854293,4.199680240547106,12.973038948921545,-5.04
2023-03-22 07:30:00,2.4257805310317426,4.211370788311876,12.71058779870933,-4.37
2023-03-22 08:30:00,3.2910236159035593,4.467892295883647,12.525227482120545,-2.72
2023-03-22 09:30:00,3.985402680576632,4.784225768883168,12.38779329585236,-1.92
2023-03-22 10:30:00,4.810988834564141,5.207926257442367,12.306180007046779,-0.56
2023-03-22 11:30:00,6.051796696449594,5.869050410144689,12.310545303224663,0.21
2023-03-22 12:30:00,6.209146551875204,6.179814114107167,12.281011853649439,0.62
2023-03-22 13:30:00,6.011919627865047,6.227228383068148,12.206123746074514,0.56
2023-03-22 14:30:00,5.631294369769224,6.083636939477238,12.08214429903708,-0.07
2023-03-22 15:30:00,5.418484613438372,5.9248760687949815,11.936408690404992,-0.35
2023-03-22 16:30:00,5.37801842288357,5.822667119538525,11.787651889694287,-0.55
2023-03-22 17:30:00,5.407654760200204,5.769333616327113,11.641726506293493,-0.62
2023-03-22 18:30:00,5.037200950508786,5.565743789380587,11.460111598799285,-0.9
2023-03-22 19:30:00,4.447243209275649,5.211418494144505,11.233428635908222,-1.7
2023-03-22 20:30:00,4.079269804388987,4.883660008927301,10.992857670009757,-2.07
2023-03-22 21:30:00,3.62144321458077,4.516384503974348,10.728883311616196,-2.62
2023-03-22 22:30:00,2.90170042934048,4.019525274833329,10.421301898208498,-3.54
2023-03-22 23:30:00,2.180374741989335,3.466487290903601,10.080070950801694,-4.37
2023-03-23 00:30:00,1.6960392875261872,2.9816569581327554,9.732384080041811,-4.81
2023-03-23 01:30:00,1.2938283781298323,2.5505961816628764,9.382989489941469,-5.18
2023-03-23 02:30:00,0.9472855024520984,2.1647676569379724,9.035562904457686,-5.49
2023-03-23 03:30:00,0.6651366048794357,1.826078447171101,8.694650262350814,-5.72
2023-03-23 04:30:00,0.4885532853818562,1.5532402823151763,8.368034783772623,-5.81
2023-03-23 05:30:00,0.3557285343225703,1.3278683958686677,8.056000752692569,-5.87
2023-03-23 06:30:00,0.45085694532839876,1.2231429003307417,7.777250980069513,-5.6
2023-03-23 07:30:00,4.581829146956049,2.8939517247658206,7.906391761634546,-4.17
2023-03-23 08:30:00,8.913967244145327,5.357297415172673,8.344774588717884,-1.52
2023-03-23 09:30:00,11.312983384004658,7.414959547392613,8.858517341830716,0.34
2023-03-23 10:30:00,9.287463478824499,7.500168758851955,9.041441876882978,-0.67
2023-03-23 11:30:00,8.640596489382403,7.413840722857681,9.132736512539747,0.94
2023-03-23 12:30:00,7.733350718670116,7.068014884210147,9.101335115390214,1.23
2023-03-23 13:30:00,7.573270322343118,6.946235586818177,9.043890187568643,0.93
2023-03-23 14:30:00,7.7079927475526,7.044028061575049,8.992073256043094,0.33
2023-03-23 15:30:00,7.250897198732401,6.9907171947796325,8.896238405055751,0.07
2023-03-23 16:30:00,7.232694329615693,7.06797074492231,8.821930137952362,-0.18
2023-03-23 17:30:00,7.647594392094878,7.3546181905981305,8.806050929240495,-0.44
2023-03-23 18:30:00,6.64895709695621,7.104714381208032,8.701619430572535,-0.66
2023-03-23 19:30:00,5.815713854224133,6.708429343516324,8.557227673216143,-1.56
2023-03-23 20:30:00,4.930525205511958,6.187972717705112,8.370354245909041,-2.54
2023-03-23 21:30:00,4.128031224760002,5.628231475198333,8.154014182583287,-3.35
2023-03-23 22:30:00,3.544105901314526,5.124824842693561,7.9304367025493505,-3.82
2023-03-23 23:30:00,3.026508762564517,4.656078552533679,7.701893639104059,-4.24
2023-03-24 00:30:00,2.601823670638854,4.232969539888002,7.474796010656863,-4.54
2023-03-24 01:30:00,2.1740531984902622,3.8208665257938312,7.245174992365274,-4.88
2023-03-24 02:30:00,1.9729825623222752,3.506982458187997,7.03287937338377,-4.88
2023-03-24 03:30:00,2.107149912130861,3.3717062181805786,6.862009866830293,-4.44
2023-03-24 04:30:00,2.333647652063656,3.349385830435241,6.728688552531642,-3.98
2023-03-24 05:30:00,2.4703208720833185,3.344157018374147,6.61620121471087,-3.72
2023-03-24 06:30:00,2.1937555227978653,3.1791762455873203,6.482748776344166,-4.1
2023-03-24 07:30:00,5.160993497008845,4.341554209967485,6.644426304021556,-3.06
2023-03-24 08:30:00,9.0937590169956,6.4301816185319485,7.102415519143269,-1.18
2023-03-24 09:30:00,14.429883908881907,9.56009917875057,7.9297298689317985,0.32
2023-03-24 10:30:00,18.404725917613472,12.593175654545211,8.918929664200869,1.4
2023-03-24 11:30:00,19.22763291899802,14.33480366509128,9.759820896646184,2.54
2023-03-24 12:30:00,17.73830013867541,14.625537091652692,10.292361456002478,2.08
2023-03-24 13:30:00,15.449693737002852,13.986355383420788,10.514603168586005,1.67
2023-03-24 14:30:00,14.842874757729621,13.666448110741976,10.64562075180344,2.13
2023-03-24 15:30:00,13.35613505974508,13.079478982387524,10.602077781992366,1.97
2023-03-24 16:30:00,12.401912474421515,12.654568920164214,10.488985431231407,1.6
2023-03-24 17:30:00,11.58585358299881,12.345036381544105,10.340926171957099,0.76
2023-03-24 18:30:00,10.174050630566304,11.816595976884292,10.120790139836155,-0.48
2023-03-24 19:30:00,8.829600408513343,11.203771993548209,9.866050822712825,-1.92
2023-03-24 20:30:00,9.019243130923352,11.155677917330694,9.733052476164556,-0.84
2023-03-24 21:30:00,8.755529573499887,11.079801162376137,9.640525553846631,-0.83
2023-03-24 22:30:00,8.241443472365711,10.874216224913406,9.563214153417588,-1.1
2023-03-24 23:30:00,7.734537876979599,10.589262189125408,9.499975055895014,-1.29
